타임스탬프,참가자 이름,참가자 ID,"실험번호 (ex, A-1)",이 맵을 플레이하는 동안 정신적인 부담이 크지 않았다.,게임을 진행하는 동안 시간 압박이 크지 않았다.,에이전트의 정보를 확인하면서 플레이하는 것이 부담스럽지 않았다.,에이전트가 제공한 정보는 협업에 도움이 되었다.,"실험번호 (ex, A-1)",이 에이전트가 제공한 정보는 협업에 큰 도움이 되었다.,나는 이 에이전트가 다음에 무엇을 할지 예측할 수 있었다.,이 에이전트와 내가 한 팀처럼 조화롭게 움직였다고 느낀다.,이 에이전트와 플레이하는 것이 즐거웠다.,"실험번호 (ex, A-1)",이 에이전트가 제공한 정보는 협업에 큰 도움이 되었다.,나는 이 에이전트가 다음에 무엇을 할지 예측할 수 있었다.,이 에이전트와 내가 한 팀처럼 조화롭게 움직였다고 느낀다.,이 에이전트와 플레이하는 것이 즐거웠다.,"실험번호 (ex, A-1)",이 에이전트가 제공한 정보는 협업에 큰 도움이 되었다.,나는 이 에이전트가 다음에 무엇을 할지 예측할 수 있었다.,이 에이전트와 내가 한 팀처럼 조화롭게 움직였다고 느낀다.,이 에이전트와 플레이하는 것이 즐거웠다.,"실험번호 (ex, A-1)",이 에이전트가 제공한 정보는 협업에 큰 도움이 되었다.,나는 이 에이전트가 다음에 무엇을 할지 예측할 수 있었다.,이 에이전트와 내가 한 팀처럼 조화롭게 움직였다고 느낀다.,이 에이전트와 플레이하는 것이 즐거웠다.,"실험번호 (ex, A-1)",이 에이전트가 제공한 정보는 협업에 큰 도움이 되었다.,나는 이 에이전트가 다음에 무엇을 할지 예측할 수 있었다.,이 에이전트와 내가 한 팀처럼 조화롭게 움직였다고 느낀다.,이 에이전트와 플레이하는 것이 즐거웠다.,"실험번호 (ex, A-1)",이 에이전트가 제공한 정보는 협업에 큰 도움이 되었다.,나는 이 에이전트가 다음에 무엇을 할지 예측할 수 있었다.,이 에이전트와 내가 한 팀처럼 조화롭게 움직였다고 느낀다.,이 에이전트와 플레이하는 것이 즐거웠다.,"실험번호 (ex, A-1)",이 에이전트가 제공한 정보는 협업에 큰 도움이 되었다.,나는 이 에이전트가 다음에 무엇을 할지 예측할 수 있었다.,이 에이전트와 내가 한 팀처럼 조화롭게 움직였다고 느낀다.,이 에이전트와 플레이하는 것이 즐거웠다.,"실험번호 (ex, A-1)",이 에이전트가 제공한 정보는 협업에 큰 도움이 되었다.,나는 이 에이전트가 다음에 무엇을 할지 예측할 수 있었다.,이 에이전트와 내가 한 팀처럼 조화롭게 움직였다고 느낀다.,이 에이전트와 플레이하는 것이 즐거웠다.,"실험번호 (ex, A-1)",이 에이전트가 제공한 정보는 협업에 큰 도움이 되었다.,나는 이 에이전트가 다음에 무엇을 할지 예측할 수 있었다.,이 에이전트와 내가 한 팀처럼 조화롭게 움직였다고 느낀다.,이 에이전트와 플레이하는 것이 즐거웠다.,"실험번호의 앞자리 (ex, A)",가장 선호하는 협업 방식을 선택해주세요. (실험 번호의 뒷자리),"위 방식들을 가장 선호하신 이유가 무엇인가요?
(예시: 에이전트의 생각을 파악하기 가장 빨랐다, 화면을 가리지 않아서 편했다, 내가 해야 할 일을 정하기 쉬웠다 등 자유롭게 적어주세요.)",가장 선호하지 않는 협업 방식을 선택해주세요. (실험 번호의 뒷자리),"위 방식들을 가장 선호하지 않으신 이유가 무엇인가요?
(예시: 글을 읽느라 시간이 너무 지체되었다, 에이전트가 무슨 생각을 하는지 알 수 없었다, 정보가 너무 많아 헷갈렸다 등 자유롭게 적어주세요.)",이 방식에 대해서 느끼는 점을 자유롭게 적어주세요. (필수는 아닙니다.),59열,이 방식의 에이전트와 협업하는 것이 좋았다.,"실험번호 (ex, A-1)",이 맵을 플레이하는 동안 정신적인 부담이 크지 않았다.,에이전트가 제공한 정보는 협업에 도움이 되었다.,이 방식의 에이전트와 협업하는 것이 좋았다.,이 방식에 대해서 느끼는 점을 자유롭게 적어주세요. (필수는 아닙니다.),"실험번호 (ex, A-1)",이 맵을 플레이하는 동안 정신적인 부담이 크지 않았다.,에이전트가 제공한 정보는 협업에 도움이 되었다.,이 방식의 에이전트와 협업하는 것이 좋았다.,이 방식에 대해서 느끼는 점을 자유롭게 적어주세요. (필수는 아닙니다.),"실험번호 (ex, A-1)",이 맵을 플레이하는 동안 정신적인 부담이 크지 않았다.,에이전트가 제공한 정보는 협업에 도움이 되었다.,이 방식의 에이전트와 협업하는 것이 좋았다.,이 방식에 대해서 느끼는 점을 자유롭게 적어주세요. (필수는 아닙니다.),"실험번호 (ex, A-1)",이 맵을 플레이하는 동안 정신적인 부담이 크지 않았다.,에이전트가 제공한 정보는 협업에 도움이 되었다.,이 방식의 에이전트와 협업하는 것이 좋았다.,이 방식에 대해서 느끼는 점을 자유롭게 적어주세요. (필수는 아닙니다.)
2026. 3. 9 오후 2:44:02,김수민,1000,D-9,7,7,5,7,D-0,2,1,1,2,D-8,5,3,4,5,D-1,4,6,5,5,D-7,6,7,6,6,D-2,6,7,5,6,D-6,6,7,6,6,D-3,5,6,6,5,D-5,6,6,5,5,D-4,7,7,7,7,D,ge,에이전트의 의도와 그 근거를 자세하게 확인할 수 있어서 좋았다.,0,1도 이해 못하겠어서 선호하지 않습니다.,,,,,,,,,,,,,,,,,,,,,,,
2026. 3. 9 오후 3:10:05,김수민,1000,A-0,1,1,1,1,A-1,4,6,6,5,A-9,6,7,6,7,A-2,5,6,5,5,A-8,4,5,4,4,A-3,6,6,5,6,A-7,6,7,6,7,A-4,5,5,4,5,A-6,6,7,6,6,A-5,1,2,1,1,A,9,"여유롭게 깊이 생각할 수 있어서 좋았고, 내가 의도한 대로 움직여줘서 좋았다.",0,길 막고 안 비키고 뭐하려고 하는지 모르겠고 등등 불편한 점이 너무 많아요.,,,,,,,,,,,,,,,,,,,,,,,
2026. 3. 9 오후 3:37:14,김수민,1000,C-1,6,7,6,6,C-2,6,7,6,6,C-0,2,1,2,1,C-3,5,6,6,5,C-9,7,7,6,7,C-4,6,6,5,5,C-8,6,7,5,6,C-5,2,3,2,1,C-7,4,6,5,5,C-6,3,6,5,4,C,9,협동하기 용이함,0,에이전트의 의도를 파악하기 어려움,,,,,,,,,,,,,,,,,,,,,,,
2026. 3. 9 오후 4:14:14,남승운,1001,A-0,3,4,3,2,A-1,5,7,5,4,A-9,2,5,3,2,A-2,5,6,4,5,A-8,7,6,6,5,A-3,3,4,3,3,A-7,4,5,3,4,A-4,5,5,6,4,A-6,4,6,5,5,A-5,2,2,3,2,A,8,에이전트가 다음에 목표로 하는 행동이 무엇인지 한번에 빠르게 인지할 수 있어서 협업을 하기 쉬웠다.,5,에이전트가 내 예상과 다르게 행동해서 잘못 움직이는 경우가 많이 발생하였다.,,,,,,,,,,,,,,,,,,,,,,,
2026. 3. 9 오후 4:40:43,남승운,1001,B-1,6,6,5,5,B-2,6,6,5,6,B-0,2,3,3,4,B-3,5,5,4,5,B-9,6,7,5,5,B-4,5,5,4,4,B-8,5,6,5,5,B-5,2,2,4,3,B-7,6,7,6,5,B-6,6,6,5,5,B,7,내가 할 행동과 에이전트가 할 행동이 직관적으로 볼 수 있어서 내가 어떤 행동을 선택할지 판단하기 쉬웠다,5,에이전트가 다음으로 어떤 행동을 할지 알 수 없어서 협업이 어려웠다.,,,,,,,,,,,,,,,,,,,,,,,
2026. 3. 9 오후 5:06:13,남승운,1001,D-2,5,6,4,4,D-3,4,5,3,4,D-1,6,6,4,5,D-4,4,5,4,3,D-0,2,1,2,3,D-5,2,2,3,2,D-9,4,5,5,4,D-6,5,7,5,5,D-8,5,6,5,5,D-7,6,7,6,5,D,7,내가 어떤 행동을 할지와 에이전트가 어떤 행동을 할지 알 수 있어서 나의 행동을 수월하게 선택할 수 있었다.,0,에이전트가 마음대로 행동하는 느낌이 들어서 내가 어떤 행동을 해야할 지 선택하기 어려웠다.,,,,,,,,,,,,,,,,,,,,,,,
2026. 3. 9 오후 7:35:45,박은효,1002,B-1,4,5,3,4,B-2,6,6,6,6,B-0,2,2,3,2,B-3,5,6,4,4,B-9,5,5,3,4,B-4,5,5,4,4,B-8,5,5,3,4,B-5,2,2,4,3,B-7,5,6,5,5,B-6,4,5,3,3,B,7,"비실시간성 환경이라 원하는 만큼 빠르게 시뮬레이션을 진행할 수 있었고, 에이전트와 사람 플레이어의 의도를 모두 표현하여 에이전트가 어떤 의도로 이 행동을 했는지를 쉽게 알 수 있었습니다. 또한 하이라이트 방식이 가장 가독성이 좋고 이해하기 쉬웠습니다.",0,"의도가 표현되지 않아 에이전트가 어떤 의도로 이 행동을 하는지 알기 어려웠습니다. 따라서 소통을 하고 있다는 느낌이 들지 않았고, 제가 에이전트의 행동에 맞춰 행동해야 한다는 느낌을 받았습니다.",,,,,,,,,,,,,,,,,,,,,,,
2026. 3. 9 오후 8:06:56,박은효,1002,C-2,5,6,6,6,C-3,4,5,3,4,C-1,5,5,3,4,C-4,4,4,5,3,C-0,2,2,3,3,C-5,2,2,3,3,C-9,3,3,4,4,C-6,4,5,4,4,C-8,5,5,5,4,C-7,4,5,5,4,C,7,"하이라이트 방식이 가장 알아보기 편했고, 에이전트와 사람 플레이어의 의도를 모두 표현해주어서 에이전트의 의도대로 행동하기 편했습니다.",3,맵이 작아서 긴 자연어 텍스트가 있을 때 맵이 많이 가려져서 task를 진행하기 힘들었습니다.,,,,,,,,,,,,,,,,,,,,,,,
2026. 3. 9 오후 8:40:18,박은효,1002,A-3,3,4,4,4,A-4,3,4,4,4,A-2,6,6,5,5,A-5,2,2,5,4,A-1,5,5,4,4,A-6,5,5,5,4,A-0,2,2,4,3,A-7,5,6,5,5,A-9,3,4,4,4,A-8,3,5,4,4,A,2,실시간 환경일 때 기다리면 자동으로 에이전트의 의도가 표현돼서 좋았습니다. 그리고 맵이 작아서 하이라이트 방식으로 표현하는 것이 맵을 크게 가리지 않고 에이전트와 사람 플레이어의 의도를 쉽게 알 수 있습니다.,4,맵이 작아서 긴 자연어 텍스트가 맵을 크게 가리면 원하는 작업을 수행하기가 어려웠습니다.,,,,,,,,,,,,,,,,,,,,,,,